id;branch_name;blk_no;street_name;postal_code
1;Secured productize;schemas;Madaline Mountains;73788
2;Mauritius Rupee;Games;Schiller Hollow;60283
3;cross-platform;green virtual;Treutel Mission;71854
4;generating Liaison Chief;Sports Falkland Islands (Malvinas) cross-platform;Glenda Tunnel;33828
5;Secured virtual District;Bike parse;Blanda Village;12080
6;stable 24 hour;Savings Account pink Steel;Korey Trail;14430
7;sky blue;Bolivar Fuerte backing up;Sawayn Terrace;68807
8;auxiliary parsing generate;Orchestrator Plastic;Schumm Causeway;86244
9;extend Fully-configurable e-services;EXE Illinois;Heathcote Forks;85346
10;Money Market Account;Algeria Austria solutions;Stella Common;97414
